Abomasnow,https://raw.githubusercontent.com/msikma/pokesprite/master/icons/pokemon/regular/abomasnow.png,7
Abomasnow-Mega,https://raw.githubusercontent.com/msikma/pokesprite/master/icons/pokemon/regular/abomasnow-mega.png,9
Abra,https://raw.githubusercontent.com/msikma/pokesprite/master/icons/pokemon/regular/abra.png,1
Absol,https://raw.githubusercontent.com/msikma/pokesprite/master/icons/pokemon/regular/absol.png,4
Absol-Mega,https://raw.githubusercontent.com/msikma/pokesprite/master/icons/pokemon/regular/absol-mega.png,8
Accelgor,https://raw.githubusercontent.com/msikma/pokesprite/master/icons/pokemon/regular/accelgor.png,9
Aegislash,https://raw.githubusercontent.com/msikma/pokesprite/master/icons/pokemon/regular/aegislash.png,19
Aerodactyl,https://raw.githubusercontent.com/msikma/pokesprite/master/icons/pokemon/regular/aerodactyl.png,9
Aerodactyl-Mega,https://raw.githubusercontent.com/msikma/pokesprite/master/icons/pokemon/regular/aerodactyl-mega.png,15
Aggron,https://raw.githubusercontent.com/msikma/pokesprite/master/icons/pokemon/regular/aggron.png,4
Aggron-Mega,https://raw.githubusercontent.com/msikma/pokesprite/master/icons/pokemon/regular/aggron-mega.png,12
Alakazam,https://raw.githubusercontent.com/msikma/pokesprite/master/icons/pokemon/regular/alakazam.png,14
Alakazam-Mega,https://raw.githubusercontent.com/msikma/pokesprite/master/icons/pokemon/regular/alakazam-mega.png,19
Alcremie,https://cdn.bulbagarden.net/upload/b/ba/869MS.png,11
Alomomola,https://raw.githubusercontent.com/msikma/pokesprite/master/icons/pokemon/regular/alomomola.png,10
Altaria,https://raw.githubusercontent.com/msikma/pokesprite/master/icons/pokemon/regular/altaria.png,1
Altaria-Mega,https://raw.githubusercontent.com/msikma/pokesprite/master/icons/pokemon/regular/altaria-mega.png,13
Ambipom,https://raw.githubusercontent.com/msikma/pokesprite/master/icons/pokemon/regular/ambipom.png,5
Amoonguss,https://raw.githubusercontent.com/msikma/pokesprite/master/icons/pokemon/regular/amoonguss.png,12
Ampharos,https://raw.githubusercontent.com/msikma/pokesprite/master/icons/pokemon/regular/ampharos.png,4
Ampharos-Mega,https://raw.githubusercontent.com/msikma/pokesprite/master/icons/pokemon/regular/ampharos-mega.png,9
Appletun,https://cdn.bulbagarden.net/upload/f/f0/842MS.png,12
Araquanid,https://raw.githubusercontent.com/msikma/pokesprite/master/icons/pokemon/regular/araquanid.png,9
Arbok,https://raw.githubusercontent.com/msikma/pokesprite/master/icons/pokemon/regular/arbok.png,2
Arcanine,https://raw.githubusercontent.com/msikma/pokesprite/master/icons/pokemon/regular/arcanine.png,14
Archeops,https://raw.githubusercontent.com/msikma/pokesprite/master/icons/pokemon/regular/archeops.png,7
Arctovish,https://cdn.bulbagarden.net/upload/6/62/883MS.png,7
Arctozolt,https://cdn.bulbagarden.net/upload/a/ae/881MS.png,10
Ariados,https://raw.githubusercontent.com/msikma/pokesprite/master/icons/pokemon/regular/ariados.png,4
Armaldo,https://raw.githubusercontent.com/msikma/pokesprite/master/icons/pokemon/regular/armaldo.png,4
Aromatisse,https://raw.githubusercontent.com/msikma/pokesprite/master/icons/pokemon/regular/aromatisse.png,7
Articuno,https://raw.githubusercontent.com/msikma/pokesprite/master/icons/pokemon/regular/articuno.png,6
Audino,https://raw.githubusercontent.com/msikma/pokesprite/master/icons/pokemon/regular/audino.png,6
Audino-Mega,https://raw.githubusercontent.com/msikma/pokesprite/master/icons/pokemon/regular/audino-mega.png,7
Aurorus,https://raw.githubusercontent.com/msikma/pokesprite/master/icons/pokemon/regular/aurorus.png,5
Avalugg,https://raw.githubusercontent.com/msikma/pokesprite/master/icons/pokemon/regular/avalugg.png,4
Azelf,https://raw.githubusercontent.com/msikma/pokesprite/master/icons/pokemon/regular/azelf.png,14
Azumarill,https://raw.githubusercontent.com/msikma/pokesprite/master/icons/pokemon/regular/azumarill.png,16
Banette-Mega,https://raw.githubusercontent.com/msikma/pokesprite/master/icons/pokemon/regular/banette-mega.png,5
Barbaracle,https://raw.githubusercontent.com/msikma/pokesprite/master/icons/pokemon/regular/barbaracle.png,6
Barraskewda,https://cdn.bulbagarden.net/upload/8/81/847MS.png,14
Basculin,https://raw.githubusercontent.com/msikma/pokesprite/master/icons/pokemon/regular/basculin.png,3
Bastiodon,https://raw.githubusercontent.com/msikma/pokesprite/master/icons/pokemon/regular/bastiodon.png,2
Bayleef,https://raw.githubusercontent.com/msikma/pokesprite/master/icons/pokemon/regular/bayleef.png,1
Beartic,https://raw.githubusercontent.com/msikma/pokesprite/master/icons/pokemon/regular/beartic.png,3
Beautifly,https://raw.githubusercontent.com/msikma/pokesprite/master/icons/pokemon/regular/beautifly.png,1
Beedrill,https://raw.githubusercontent.com/msikma/pokesprite/master/icons/pokemon/regular/beedrill.png,1
Beedrill-Mega,https://raw.githubusercontent.com/msikma/pokesprite/master/icons/pokemon/regular/beedrill-mega.png,13
Beheeyem,https://raw.githubusercontent.com/msikma/pokesprite/master/icons/pokemon/regular/beheeyem.png,4
Bellossom,https://raw.githubusercontent.com/msikma/pokesprite/master/icons/pokemon/regular/bellossom.png,1
Bewear,https://raw.githubusercontent.com/msikma/pokesprite/master/icons/pokemon/regular/bewear.png,7
Bibarel,https://raw.githubusercontent.com/msikma/pokesprite/master/icons/pokemon/regular/bibarel.png,3
Bisharp,https://raw.githubusercontent.com/msikma/pokesprite/master/icons/pokemon/regular/bisharp.png,12
Blacephalon,https://raw.githubusercontent.com/msikma/pokesprite/master/icons/pokemon/regular/blacephalon.png,15
Blastoise,https://raw.githubusercontent.com/msikma/pokesprite/master/icons/pokemon/regular/blastoise.png,14
Blaziken,https://raw.githubusercontent.com/msikma/pokesprite/master/icons/pokemon/regular/blaziken.png,10
Blissey,https://raw.githubusercontent.com/msikma/pokesprite/master/icons/pokemon/regular/blissey.png,11
Boltund,https://cdn.bulbagarden.net/upload/a/a1/836MS.png,8
Bouffalant,https://raw.githubusercontent.com/msikma/pokesprite/master/icons/pokemon/regular/bouffalant.png,3
Braviary,https://raw.githubusercontent.com/msikma/pokesprite/master/icons/pokemon/regular/braviary.png,7
Breloom,https://raw.githubusercontent.com/msikma/pokesprite/master/icons/pokemon/regular/breloom.png,11
Bronzong,https://raw.githubusercontent.com/msikma/pokesprite/master/icons/pokemon/regular/bronzong.png,12
Bronzor,https://raw.githubusercontent.com/msikma/pokesprite/master/icons/pokemon/regular/bronzor.png,2
Bruxish,https://raw.githubusercontent.com/msikma/pokesprite/master/icons/pokemon/regular/bruxish.png,8
Butterfree,https://raw.githubusercontent.com/msikma/pokesprite/master/icons/pokemon/regular/butterfree.png,1
Buzzwole,https://raw.githubusercontent.com/msikma/pokesprite/master/icons/pokemon/regular/buzzwole.png,16
Cacturne,https://raw.githubusercontent.com/msikma/pokesprite/master/icons/pokemon/regular/cacturne.png,4
Camerupt,https://raw.githubusercontent.com/msikma/pokesprite/master/icons/pokemon/regular/camerupt.png,2
Camerupt-Mega,https://raw.githubusercontent.com/msikma/pokesprite/master/icons/pokemon/regular/camerupt-mega.png,6
Carnivine,https://raw.githubusercontent.com/msikma/pokesprite/master/icons/pokemon/regular/carnivine.png,1
Carracosta,https://raw.githubusercontent.com/msikma/pokesprite/master/icons/pokemon/regular/carracosta.png,5
Castform,https://raw.githubusercontent.com/msikma/pokesprite/master/icons/pokemon/regular/castform.png,1
Celebi,https://raw.githubusercontent.com/msikma/pokesprite/master/icons/pokemon/regular/celebi.png,13
Celesteela,https://raw.githubusercontent.com/msikma/pokesprite/master/icons/pokemon/regular/celesteela.png,20
Centiskorch,https://cdn.bulbagarden.net/upload/1/1d/851MS.png,6
Chandelure,https://raw.githubusercontent.com/msikma/pokesprite/master/icons/pokemon/regular/chandelure.png,11
Chansey,https://raw.githubusercontent.com/msikma/pokesprite/master/icons/pokemon/regular/chansey.png,11
Charizard,https://raw.githubusercontent.com/msikma/pokesprite/master/icons/pokemon/regular/charizard.png,5
Charizard-MegaX,https://raw.githubusercontent.com/msikma/pokesprite/master/icons/pokemon/regular/charizard-mega-x.png,18
Charizard-MegaY,https://raw.githubusercontent.com/msikma/pokesprite/master/icons/pokemon/regular/charizard-mega-y.png,16
Chatot,https://raw.githubusercontent.com/msikma/pokesprite/master/icons/pokemon/regular/chatot.png,2
Chesnaught,https://raw.githubusercontent.com/msikma/pokesprite/master/icons/pokemon/regular/chesnaught.png,10
Chimecho,https://raw.githubusercontent.com/msikma/pokesprite/master/icons/pokemon/regular/chimecho.png,1
Chinchou,https://raw.githubusercontent.com/msikma/pokesprite/master/icons/pokemon/regular/chinchou.png,1
Cinccino,https://raw.githubusercontent.com/msikma/pokesprite/master/icons/pokemon/regular/cinccino.png,6
Cinderace,https://cdn.bulbagarden.net/upload/f/fe/815MS.png,14
Clawitzer,https://raw.githubusercontent.com/msikma/pokesprite/master/icons/pokemon/regular/clawitzer.png,5
Claydol,https://raw.githubusercontent.com/msikma/pokesprite/master/icons/pokemon/regular/claydol.png,6
Clefable,https://raw.githubusercontent.com/msikma/pokesprite/master/icons/pokemon/regular/clefable.png,18
Clefairy,https://raw.githubusercontent.com/msikma/pokesprite/master/icons/pokemon/regular/clefairy.png,2
Cloyster,https://raw.githubusercontent.com/msikma/pokesprite/master/icons/pokemon/regular/cloyster.png,9
Coalossal,https://cdn.bulbagarden.net/upload/d/de/839MS.png,5
Cobalion,https://raw.githubusercontent.com/msikma/pokesprite/master/icons/pokemon/regular/cobalion.png,13
Cofagrigus,https://raw.githubusercontent.com/msikma/pokesprite/master/icons/pokemon/regular/cofagrigus.png,10
Combusken,https://raw.githubusercontent.com/msikma/pokesprite/master/icons/pokemon/regular/combusken.png,2
Comfey,https://raw.githubusercontent.com/msikma/pokesprite/master/icons/pokemon/regular/comfey.png,8
Conkeldurr,https://raw.githubusercontent.com/msikma/pokesprite/master/icons/pokemon/regular/conkeldurr.png,15
Copperajah,https://cdn.bulbagarden.net/upload/7/7f/879MS.png,11
Corsola-G,https://cdn.bulbagarden.net/upload/2/27/222GMS.png,10
Corviknight,https://cdn.bulbagarden.net/upload/6/66/823MS.png,16
Corvisquire,https://cdn.bulbagarden.net/upload/8/82/822MS.png,3
Crabominable,https://raw.githubusercontent.com/msikma/pokesprite/master/icons/pokemon/regular/crabominable.png,3
Cradily,https://raw.githubusercontent.com/msikma/pokesprite/master/icons/pokemon/regular/cradily.png,5
Cramorant,https://cdn.bulbagarden.net/upload/5/5e/845MS.png,3
Crawdaunt,https://raw.githubusercontent.com/msikma/pokesprite/master/icons/pokemon/regular/crawdaunt.png,11
Cresselia,https://raw.githubusercontent.com/msikma/pokesprite/master/icons/pokemon/regular/cresselia.png,12
Crobat,https://raw.githubusercontent.com/msikma/pokesprite/master/icons/pokemon/regular/crobat.png,12
Crustle,https://raw.githubusercontent.com/msikma/pokesprite/master/icons/pokemon/regular/crustle.png,7
Cryogonal,https://raw.githubusercontent.com/msikma/pokesprite/master/icons/pokemon/regular/cryogonal.png,7
Cursola,https://cdn.bulbagarden.net/upload/c/c1/864MS.png,9
Darmanitan,https://raw.githubusercontent.com/msikma/pokesprite/master/icons/pokemon/regular/darmanitan.png,12
Darmanitan-G,https://cdn.bulbagarden.net/upload/4/4c/555GMS.png,20
Decidueye,https://raw.githubusercontent.com/msikma/pokesprite/master/icons/pokemon/regular/decidueye.png,11
Delcatty,https://raw.githubusercontent.com/msikma/pokesprite/master/icons/pokemon/regular/delcatty.png,2
Delibird,https://raw.githubusercontent.com/msikma/pokesprite/master/icons/pokemon/regular/delibird.png,2
Delphox,https://raw.githubusercontent.com/msikma/pokesprite/master/icons/pokemon/regular/delphox.png,8
Deoxys-D,https://raw.githubusercontent.com/msikma/pokesprite/master/icons/pokemon/regular/deoxys-defense.png,16
Dewgong,https://raw.githubusercontent.com/msikma/pokesprite/master/icons/pokemon/regular/dewgong.png,1
Dewpider,https://raw.githubusercontent.com/msikma/pokesprite/master/icons/pokemon/regular/dewpider.png,1
Dhelmise,https://raw.githubusercontent.com/msikma/pokesprite/master/icons/pokemon/regular/dhelmise.png,10
Diancie,https://raw.githubusercontent.com/msikma/pokesprite/master/icons/pokemon/regular/diancie.png,8
Diancie-Mega,https://raw.githubusercontent.com/msikma/pokesprite/master/icons/pokemon/regular/diancie-mega.png,17
Diggersby,https://raw.githubusercontent.com/msikma/pokesprite/master/icons/pokemon/regular/diggersby.png,13
Ditto,https://raw.githubusercontent.com/msikma/pokesprite/master/icons/pokemon/regular/ditto.png,7
Dodrio,https://raw.githubusercontent.com/msikma/pokesprite/master/icons/pokemon/regular/dodrio.png,6
Donphan,https://raw.githubusercontent.com/msikma/pokesprite/master/icons/pokemon/regular/donphan.png,11
Dottler,https://cdn.bulbagarden.net/upload/9/91/825MS.png,3
Doublade,https://raw.githubusercontent.com/msikma/pokesprite/master/icons/pokemon/regular/doublade.png,8
Dracovish,https://cdn.bulbagarden.net/upload/d/d5/882MS.png,15
Dracozolt,https://cdn.bulbagarden.net/upload/a/ac/880MS.png,12
Dragalge,https://raw.githubusercontent.com/msikma/pokesprite/master/icons/pokemon/regular/dragalge.png,8
Dragapult,https://cdn.bulbagarden.net/upload/4/45/887MS.png,18
Dragonair,https://raw.githubusercontent.com/msikma/pokesprite/master/icons/pokemon/regular/dragonair.png,1
Dragonite,https://raw.githubusercontent.com/msikma/pokesprite/master/icons/pokemon/regular/dragonite.png,16
Drakloak,https://cdn.bulbagarden.net/upload/1/12/886MS.png,2
Drampa,https://raw.githubusercontent.com/msikma/pokesprite/master/icons/pokemon/regular/drampa.png,8
Drapion,https://raw.githubusercontent.com/msikma/pokesprite/master/icons/pokemon/regular/drapion.png,9
Drednaw,https://cdn.bulbagarden.net/upload/4/49/834MS.png,8
Drifblim,https://raw.githubusercontent.com/msikma/pokesprite/master/icons/pokemon/regular/drifblim.png,3
Druddigon,https://raw.githubusercontent.com/msikma/pokesprite/master/icons/pokemon/regular/druddigon.png,7
Dubwool,https://cdn.bulbagarden.net/upload/d/dd/832MS.png,7
Dugtrio,https://raw.githubusercontent.com/msikma/pokesprite/master/icons/pokemon/regular/dugtrio.png,13
Dugtrio-A,https://raw.githubusercontent.com/msikma/pokesprite/master/icons/pokemon/regular/dugtrio-alola.png,4
Dunsparce,https://raw.githubusercontent.com/msikma/pokesprite/master/icons/pokemon/regular/dunsparce.png,1
Duosion,https://raw.githubusercontent.com/msikma/pokesprite/master/icons/pokemon/regular/duosion.png,3
Duraludon,https://cdn.bulbagarden.net/upload/f/f3/884MS.png,10
Durant,https://raw.githubusercontent.com/msikma/pokesprite/master/icons/pokemon/regular/durant.png,10
Dusclops,https://raw.githubusercontent.com/msikma/pokesprite/master/icons/pokemon/regular/dusclops.png,3
Dusknoir,https://raw.githubusercontent.com/msikma/pokesprite/master/icons/pokemon/regular/dusknoir.png,3
Dustox,https://raw.githubusercontent.com/msikma/pokesprite/master/icons/pokemon/regular/dustox.png,1
Eelektrik,https://raw.githubusercontent.com/msikma/pokesprite/master/icons/pokemon/regular/eelektrik.png,1
Eelektross,https://raw.githubusercontent.com/msikma/pokesprite/master/icons/pokemon/regular/eelektross.png,8
Eiscue,https://cdn.bulbagarden.net/upload/8/8f/875MS.png,8
Eldegoss,https://cdn.bulbagarden.net/upload/4/42/830MS.png,6
Electabuzz,https://raw.githubusercontent.com/msikma/pokesprite/master/icons/pokemon/regular/electabuzz.png,2
Electivire,https://raw.githubusercontent.com/msikma/pokesprite/master/icons/pokemon/regular/electivire.png,3
Electrode,https://raw.githubusercontent.com/msikma/pokesprite/master/icons/pokemon/regular/electrode.png,2
Emboar,https://raw.githubusercontent.com/msikma/pokesprite/master/icons/pokemon/regular/emboar.png,9
Empoleon,https://raw.githubusercontent.com/msikma/pokesprite/master/icons/pokemon/regular/empoleon.png,13
Entei,https://raw.githubusercontent.com/msikma/pokesprite/master/icons/pokemon/regular/entei.png,12
Escavalier,https://raw.githubusercontent.com/msikma/pokesprite/master/icons/pokemon/regular/escavalier.png,10
Espeon,https://raw.githubusercontent.com/msikma/pokesprite/master/icons/pokemon/regular/espeon.png,8
Excadrill,https://raw.githubusercontent.com/msikma/pokesprite/master/icons/pokemon/regular/excadrill.png,18
Exeggutor,https://raw.githubusercontent.com/msikma/pokesprite/master/icons/pokemon/regular/exeggutor.png,3
Exeggutor-A,https://raw.githubusercontent.com/msikma/pokesprite/master/icons/pokemon/regular/exeggutor-alola.png,4
Exploud,https://raw.githubusercontent.com/msikma/pokesprite/master/icons/pokemon/regular/exploud.png,7
Falinks,https://cdn.bulbagarden.net/upload/6/64/870MS.png,8
Farfetch'd,https://raw.githubusercontent.com/msikma/pokesprite/master/icons/pokemon/regular/farfetchd.png,1
Farfetch'd-G,https://cdn.bulbagarden.net/upload/6/63/083GMS.png,1
Fearow,https://raw.githubusercontent.com/msikma/pokesprite/master/icons/pokemon/regular/fearow.png,2
Feraligatr,https://raw.githubusercontent.com/msikma/pokesprite/master/icons/pokemon/regular/feraligatr.png,12
Ferroseed,https://raw.githubusercontent.com/msikma/pokesprite/master/icons/pokemon/regular/ferroseed.png,3
Ferrothorn,https://raw.githubusercontent.com/msikma/pokesprite/master/icons/pokemon/regular/ferrothorn.png,17
Flapple,https://cdn.bulbagarden.net/upload/c/cc/841MS.png,9
Flareon,https://raw.githubusercontent.com/msikma/pokesprite/master/icons/pokemon/regular/flareon.png,4
Fletchinder,https://raw.githubusercontent.com/msikma/pokesprite/master/icons/pokemon/regular/fletchinder.png,3
Floatzel,https://raw.githubusercontent.com/msikma/pokesprite/master/icons/pokemon/regular/floatzel.png,3
Floette-Eternal,https://raw.githubusercontent.com/msikma/pokesprite/master/icons/pokemon/regular/floette-eternal.png,13
Florges,https://raw.githubusercontent.com/msikma/pokesprite/master/icons/pokemon/regular/florges.png,13
Flygon,https://raw.githubusercontent.com/msikma/pokesprite/master/icons/pokemon/regular/flygon.png,12
Forretress,https://raw.githubusercontent.com/msikma/pokesprite/master/icons/pokemon/regular/forretress.png,10
Fraxure,https://raw.githubusercontent.com/msikma/pokesprite/master/icons/pokemon/regular/fraxure.png,2
Frogadier,https://raw.githubusercontent.com/msikma/pokesprite/master/icons/pokemon/regular/frogadier.png,2
Froslass,https://raw.githubusercontent.com/msikma/pokesprite/master/icons/pokemon/regular/froslass.png,8
Frosmoth,https://cdn.bulbagarden.net/upload/3/31/873MS.png,7
Furfrou,https://raw.githubusercontent.com/msikma/pokesprite/master/icons/pokemon/regular/furfrou.png,2
Furret,https://raw.githubusercontent.com/msikma/pokesprite/master/icons/pokemon/regular/furret.png,1
Gabite,https://raw.githubusercontent.com/msikma/pokesprite/master/icons/pokemon/regular/gabite.png,2
Gallade,https://raw.githubusercontent.com/msikma/pokesprite/master/icons/pokemon/regular/gallade.png,7
Gallade-Mega,https://raw.githubusercontent.com/msikma/pokesprite/master/icons/pokemon/regular/gallade-mega.png,18
Galvantula,https://raw.githubusercontent.com/msikma/pokesprite/master/icons/pokemon/regular/galvantula.png,12
Garbodor,https://raw.githubusercontent.com/msikma/pokesprite/master/icons/pokemon/regular/garbodor.png,7
Garchomp,https://raw.githubusercontent.com/msikma/pokesprite/master/icons/pokemon/regular/garchomp.png,17
Garchomp-Mega,https://raw.githubusercontent.com/msikma/pokesprite/master/icons/pokemon/regular/garchomp-mega.png,13
Gardevoir,https://raw.githubusercontent.com/msikma/pokesprite/master/icons/pokemon/regular/gardevoir.png,11
Gardevoir-Mega,https://raw.githubusercontent.com/msikma/pokesprite/master/icons/pokemon/regular/gardevoir-mega.png,17
Gastly,https://raw.githubusercontent.com/msikma/pokesprite/master/icons/pokemon/regular/gastly.png,1
Gastrodon,https://raw.githubusercontent.com/msikma/pokesprite/master/icons/pokemon/regular/gastrodon.png,9
Gengar,https://raw.githubusercontent.com/msikma/pokesprite/master/icons/pokemon/regular/gengar.png,16
Gigalith,https://raw.githubusercontent.com/msikma/pokesprite/master/icons/pokemon/regular/gigalith.png,11
Girafarig,https://raw.githubusercontent.com/msikma/pokesprite/master/icons/pokemon/regular/girafarig.png,1
Glaceon,https://raw.githubusercontent.com/msikma/pokesprite/master/icons/pokemon/regular/glaceon.png,2
Glalie,https://raw.githubusercontent.com/msikma/pokesprite/master/icons/pokemon/regular/glalie.png,2
Glalie-Mega,https://raw.githubusercontent.com/msikma/pokesprite/master/icons/pokemon/regular/glalie-mega.png,8
Gligar,https://raw.githubusercontent.com/msikma/pokesprite/master/icons/pokemon/regular/gligar.png,9
Gliscor,https://raw.githubusercontent.com/msikma/pokesprite/master/icons/pokemon/regular/gliscor.png,16
Gogoat,https://raw.githubusercontent.com/msikma/pokesprite/master/icons/pokemon/regular/gogoat.png,3
Golbat,https://raw.githubusercontent.com/msikma/pokesprite/master/icons/pokemon/regular/golbat.png,6
Golduck,https://raw.githubusercontent.com/msikma/pokesprite/master/icons/pokemon/regular/golduck.png,1
Golem,https://raw.githubusercontent.com/msikma/pokesprite/master/icons/pokemon/regular/golem.png,3
Golem-A,https://raw.githubusercontent.com/msikma/pokesprite/master/icons/pokemon/regular/golem-alola.png,5
Golisopod,https://raw.githubusercontent.com/msikma/pokesprite/master/icons/pokemon/regular/golisopod.png,5
Golurk,https://raw.githubusercontent.com/msikma/pokesprite/master/icons/pokemon/regular/golurk.png,7
Goodra,https://raw.githubusercontent.com/msikma/pokesprite/master/icons/pokemon/regular/goodra.png,12
Gorebyss,https://raw.githubusercontent.com/msikma/pokesprite/master/icons/pokemon/regular/gorebyss.png,4
Gothitelle,https://raw.githubusercontent.com/msikma/pokesprite/master/icons/pokemon/regular/gothitelle.png,15
Gothorita,https://raw.githubusercontent.com/msikma/pokesprite/master/icons/pokemon/regular/gothorita.png,5
Gourgeist,https://raw.githubusercontent.com/msikma/pokesprite/master/icons/pokemon/regular/gourgeist.png,4
Granbull,https://raw.githubusercontent.com/msikma/pokesprite/master/icons/pokemon/regular/granbull.png,5
Grapploct,https://cdn.bulbagarden.net/upload/1/1b/853MS.png,6
Graveler,https://raw.githubusercontent.com/msikma/pokesprite/master/icons/pokemon/regular/graveler.png,1
Graveler-Alola,https://raw.githubusercontent.com/msikma/pokesprite/master/icons/pokemon/regular/graveler-alola.png,2
Greedent,https://cdn.bulbagarden.net/upload/1/17/820MS.png,2
Greninja,https://raw.githubusercontent.com/msikma/pokesprite/master/icons/pokemon/regular/greninja.png,13
Grimmsnarl,https://cdn.bulbagarden.net/upload/a/a4/861MS.png,11
Grotle,https://raw.githubusercontent.com/msikma/pokesprite/master/icons/pokemon/regular/grotle.png,2
Grovyle,https://raw.githubusercontent.com/msikma/pokesprite/master/icons/pokemon/regular/grovyle.png,1
Growlithe,https://raw.githubusercontent.com/msikma/pokesprite/master/icons/pokemon/regular/growlithe.png,1
Grumpig,https://raw.githubusercontent.com/msikma/pokesprite/master/icons/pokemon/regular/grumpig.png,2
Gumshoos,https://raw.githubusercontent.com/msikma/pokesprite/master/icons/pokemon/regular/gumshoos.png,3
Gurdurr,https://raw.githubusercontent.com/msikma/pokesprite/master/icons/pokemon/regular/gurdurr.png,4
Guzzlord,https://raw.githubusercontent.com/msikma/pokesprite/master/icons/pokemon/regular/guzzlord.png,5
Gyarados,https://raw.githubusercontent.com/msikma/pokesprite/master/icons/pokemon/regular/gyarados.png,14
Gyarados-Mega,https://raw.githubusercontent.com/msikma/pokesprite/master/icons/pokemon/regular/gyarados-mega.png,15
Hakamo-o,https://raw.githubusercontent.com/msikma/pokesprite/master/icons/pokemon/regular/hakamo-o.png,2
Hariyama,https://raw.githubusercontent.com/msikma/pokesprite/master/icons/pokemon/regular/hariyama.png,4
Hatterene,https://cdn.bulbagarden.net/upload/d/db/858MS.png,13
Haunter,https://raw.githubusercontent.com/msikma/pokesprite/master/icons/pokemon/regular/haunter.png,3
Hawlucha,https://raw.githubusercontent.com/msikma/pokesprite/master/icons/pokemon/regular/hawlucha.png,14
Haxorus,https://raw.githubusercontent.com/msikma/pokesprite/master/icons/pokemon/regular/haxorus.png,14
Heatmor,https://raw.githubusercontent.com/msikma/pokesprite/master/icons/pokemon/regular/heatmor.png,2
Heatran,https://raw.githubusercontent.com/msikma/pokesprite/master/icons/pokemon/regular/heatran.png,15
Heliolisk,https://raw.githubusercontent.com/msikma/pokesprite/master/icons/pokemon/regular/heliolisk.png,13
Heracross,https://raw.githubusercontent.com/msikma/pokesprite/master/icons/pokemon/regular/heracross.png,12
Heracross-Mega,https://raw.githubusercontent.com/msikma/pokesprite/master/icons/pokemon/regular/heracross-mega.png,14
Hippopotas,https://raw.githubusercontent.com/msikma/pokesprite/master/icons/pokemon/regular/hippopotas.png,2
Hippowdon,https://raw.githubusercontent.com/msikma/pokesprite/master/icons/pokemon/regular/hippowdon.png,14
Hitmonchan,https://raw.githubusercontent.com/msikma/pokesprite/master/icons/pokemon/regular/hitmonchan.png,5
Hitmonlee,https://raw.githubusercontent.com/msikma/pokesprite/master/icons/pokemon/regular/hitmonlee.png,9
Hitmontop,https://raw.githubusercontent.com/msikma/pokesprite/master/icons/pokemon/regular/hitmontop.png,7
Honchkrow,https://raw.githubusercontent.com/msikma/pokesprite/master/icons/pokemon/regular/honchkrow.png,9
Hoopa,https://raw.githubusercontent.com/msikma/pokesprite/master/icons/pokemon/regular/hoopa.png,10
Hoopa-U,https://raw.githubusercontent.com/msikma/pokesprite/master/icons/pokemon/regular/hoopa-unbound.png,17
Houndoom,https://raw.githubusercontent.com/msikma/pokesprite/master/icons/pokemon/regular/houndoom.png,5
Houndoom-Mega,https://raw.githubusercontent.com/msikma/pokesprite/master/icons/pokemon/regular/houndoom-mega.png,10
Huntail,https://raw.githubusercontent.com/msikma/pokesprite/master/icons/pokemon/regular/huntail.png,4
Hydreigon,https://raw.githubusercontent.com/msikma/pokesprite/master/icons/pokemon/regular/hydreigon.png,17
Hypno,https://raw.githubusercontent.com/msikma/pokesprite/master/icons/pokemon/regular/hypno.png,2
Illumise,https://raw.githubusercontent.com/msikma/pokesprite/master/icons/pokemon/regular/illumise.png,1
Incineroar,https://raw.githubusercontent.com/msikma/pokesprite/master/icons/pokemon/regular/incineroar.png,12
Indeedee,https://cdn.bulbagarden.net/upload/6/63/876MS.png,10
Infernape,https://raw.githubusercontent.com/msikma/pokesprite/master/icons/pokemon/regular/infernape.png,16
Inteleon,https://cdn.bulbagarden.net/upload/1/1a/818MS.png,11
Jellicent,https://raw.githubusercontent.com/msikma/pokesprite/master/icons/pokemon/regular/jellicent.png,9
Jirachi,https://raw.githubusercontent.com/msikma/pokesprite/master/icons/pokemon/regular/jirachi.png,17
Jolteon,https://raw.githubusercontent.com/msikma/pokesprite/master/icons/pokemon/regular/jolteon.png,7
Jumpluff,https://raw.githubusercontent.com/msikma/pokesprite/master/icons/pokemon/regular/jumpluff.png,2
Jynx,https://raw.githubusercontent.com/msikma/pokesprite/master/icons/pokemon/regular/jynx.png,4
Kabutops,https://raw.githubusercontent.com/msikma/pokesprite/master/icons/pokemon/regular/kabutops.png,6
Kadabra,https://raw.githubusercontent.com/msikma/pokesprite/master/icons/pokemon/regular/kadabra.png,5
Kakuna,https://raw.githubusercontent.com/msikma/pokesprite/master/icons/pokemon/regular/kakuna.png,1
Kangaskhan,https://raw.githubusercontent.com/msikma/pokesprite/master/icons/pokemon/regular/kangaskhan.png,4
Kangaskhan-Mega,https://raw.githubusercontent.com/msikma/pokesprite/master/icons/pokemon/regular/kangaskhan-mega.png,17
Kartana,https://raw.githubusercontent.com/msikma/pokesprite/master/icons/pokemon/regular/kartana.png,17
Kecleon,https://raw.githubusercontent.com/msikma/pokesprite/master/icons/pokemon/regular/kecleon.png,4
Keldeo,https://raw.githubusercontent.com/msikma/pokesprite/master/icons/pokemon/regular/keldeo.png,16
Kingdra,https://raw.githubusercontent.com/msikma/pokesprite/master/icons/pokemon/regular/kingdra.png,11
Kingler,https://raw.githubusercontent.com/msikma/pokesprite/master/icons/pokemon/regular/kingler.png,4
Klefki,https://raw.githubusercontent.com/msikma/pokesprite/master/icons/pokemon/regular/klefki.png,11
Klinklang,https://raw.githubusercontent.com/msikma/pokesprite/master/icons/pokemon/regular/klinklang.png,6
Komala,https://raw.githubusercontent.com/msikma/pokesprite/master/icons/pokemon/regular/komala.png,6
Kommo-o,https://raw.githubusercontent.com/msikma/pokesprite/master/icons/pokemon/regular/kommo-o.png,18
Kricketune,https://raw.githubusercontent.com/msikma/pokesprite/master/icons/pokemon/regular/kricketune.png,4
Krokorok,https://raw.githubusercontent.com/msikma/pokesprite/master/icons/pokemon/regular/krokorok.png,2
Krookodile,https://raw.githubusercontent.com/msikma/pokesprite/master/icons/pokemon/regular/krookodile.png,13
Kyurem,https://raw.githubusercontent.com/msikma/pokesprite/master/icons/pokemon/regular/kyurem.png,15
Lairon,https://raw.githubusercontent.com/msikma/pokesprite/master/icons/pokemon/regular/lairon.png,1
Lampent,https://raw.githubusercontent.com/msikma/pokesprite/master/icons/pokemon/regular/lampent.png,2
Landorus-T,https://raw.githubusercontent.com/msikma/pokesprite/master/icons/pokemon/regular/landorus-therian.png,19
Lanturn,https://raw.githubusercontent.com/msikma/pokesprite/master/icons/pokemon/regular/lanturn.png,6
Lapras,https://raw.githubusercontent.com/msikma/pokesprite/master/icons/pokemon/regular/lapras.png,4
Latias,https://raw.githubusercontent.com/msikma/pokesprite/master/icons/pokemon/regular/latias.png,16
Latios,https://raw.githubusercontent.com/msikma/pokesprite/master/icons/pokemon/regular/latios.png,17
Latios-Mega,https://i.imgur.com/f1oDlVz.png,20
Leafeon,https://raw.githubusercontent.com/msikma/pokesprite/master/icons/pokemon/regular/leafeon.png,3
Leavanny,https://raw.githubusercontent.com/msikma/pokesprite/master/icons/pokemon/regular/leavanny.png,5
Ledian,https://raw.githubusercontent.com/msikma/pokesprite/master/icons/pokemon/regular/ledian.png,2
Lickilicky,https://raw.githubusercontent.com/msikma/pokesprite/master/icons/pokemon/regular/lickilicky.png,6
Lickitung,https://raw.githubusercontent.com/msikma/pokesprite/master/icons/pokemon/regular/lickitung.png,2
Liepard,https://raw.githubusercontent.com/msikma/pokesprite/master/icons/pokemon/regular/liepard.png,5
Lilligant,https://raw.githubusercontent.com/msikma/pokesprite/master/icons/pokemon/regular/lilligant.png,5
Linoone,https://raw.githubusercontent.com/msikma/pokesprite/master/icons/pokemon/regular/linoone.png,4
Lombre,https://raw.githubusercontent.com/msikma/pokesprite/master/icons/pokemon/regular/lombre.png,1
Lopunny,https://raw.githubusercontent.com/msikma/pokesprite/master/icons/pokemon/regular/lopunny.png,2
Lopunny-Mega,https://raw.githubusercontent.com/msikma/pokesprite/master/icons/pokemon/regular/lopunny-mega.png,17
Loudred,https://raw.githubusercontent.com/msikma/pokesprite/master/icons/pokemon/regular/loudred.png,1
Lucario,https://raw.githubusercontent.com/msikma/pokesprite/master/icons/pokemon/regular/lucario.png,13
Ludicolo,https://raw.githubusercontent.com/msikma/pokesprite/master/icons/pokemon/regular/ludicolo.png,8
Lumineon,https://raw.githubusercontent.com/msikma/pokesprite/master/icons/pokemon/regular/lumineon.png,3
Lunatone,https://raw.githubusercontent.com/msikma/pokesprite/master/icons/pokemon/regular/lunatone.png,1
Lurantis,https://raw.githubusercontent.com/msikma/pokesprite/master/icons/pokemon/regular/lurantis.png,4
Luxio,https://raw.githubusercontent.com/msikma/pokesprite/master/icons/pokemon/regular/luxio.png,1
Luxray,https://raw.githubusercontent.com/msikma/pokesprite/master/icons/pokemon/regular/luxray.png,4
Lycanroc-Day,https://raw.githubusercontent.com/msikma/pokesprite/master/icons/pokemon/regular/lycanroc.png,8
Lycanroc-Dusk,https://raw.githubusercontent.com/msikma/pokesprite/master/icons/pokemon/regular/lycanroc-dusk.png,10
Lycanroc-Night,https://raw.githubusercontent.com/msikma/pokesprite/master/icons/pokemon/regular/lycanroc-midnight.png,3
Machamp,https://raw.githubusercontent.com/msikma/pokesprite/master/icons/pokemon/regular/machamp.png,7
Machoke,https://raw.githubusercontent.com/msikma/pokesprite/master/icons/pokemon/regular/machoke.png,3
Magcargo,https://raw.githubusercontent.com/msikma/pokesprite/master/icons/pokemon/regular/magcargo.png,2
Magmar,https://raw.githubusercontent.com/msikma/pokesprite/master/icons/pokemon/regular/magmar.png,3
Magmortar,https://raw.githubusercontent.com/msikma/pokesprite/master/icons/pokemon/regular/magmortar.png,5
Magneton,https://raw.githubusercontent.com/msikma/pokesprite/master/icons/pokemon/regular/magneton.png,7
Magnezone,https://raw.githubusercontent.com/msikma/pokesprite/master/icons/pokemon/regular/magnezone.png,11
Malamar,https://raw.githubusercontent.com/msikma/pokesprite/master/icons/pokemon/regular/malamar.png,4
Mamoswine,https://raw.githubusercontent.com/msikma/pokesprite/master/icons/pokemon/regular/mamoswine.png,14
Manaphy,https://raw.githubusercontent.com/msikma/pokesprite/master/icons/pokemon/regular/manaphy.png,16
Mandibuzz,https://raw.githubusercontent.com/msikma/pokesprite/master/icons/pokemon/regular/mandibuzz.png,14
Manectric,https://raw.githubusercontent.com/msikma/pokesprite/master/icons/pokemon/regular/manectric.png,6
Manectric-Mega,https://raw.githubusercontent.com/msikma/pokesprite/master/icons/pokemon/regular/manectric-mega.png,11
Mantine,https://raw.githubusercontent.com/msikma/pokesprite/master/icons/pokemon/regular/mantine.png,7
Mantyke,https://raw.githubusercontent.com/msikma/pokesprite/master/icons/pokemon/regular/mantyke.png,2
Maractus,https://raw.githubusercontent.com/msikma/pokesprite/master/icons/pokemon/regular/maractus.png,1
Mareanie,https://raw.githubusercontent.com/msikma/pokesprite/master/icons/pokemon/regular/mareanie.png,1
Marowak,https://raw.githubusercontent.com/msikma/pokesprite/master/icons/pokemon/regular/marowak.png,3
Marowak-A,https://raw.githubusercontent.com/msikma/pokesprite/master/icons/pokemon/regular/marowak-alola.png,9
Marshtomp,https://raw.githubusercontent.com/msikma/pokesprite/master/icons/pokemon/regular/marshtomp.png,1
Masquerain,https://raw.githubusercontent.com/msikma/pokesprite/master/icons/pokemon/regular/masquerain.png,2
Mawile,https://raw.githubusercontent.com/msikma/pokesprite/master/icons/pokemon/regular/mawile.png,3
Mawile-Mega,https://raw.githubusercontent.com/msikma/pokesprite/master/icons/pokemon/regular/mawile-mega.png,19
Medicham,https://raw.githubusercontent.com/msikma/pokesprite/master/icons/pokemon/regular/medicham.png,9
Medicham-Mega,https://raw.githubusercontent.com/msikma/pokesprite/master/icons/pokemon/regular/medicham-mega.png,16
Meganium,https://raw.githubusercontent.com/msikma/pokesprite/master/icons/pokemon/regular/meganium.png,2
Melmetal,https://cdn.bulbagarden.net/upload/f/f1/809MS.png,18
Meloetta,https://raw.githubusercontent.com/msikma/pokesprite/master/icons/pokemon/regular/meloetta.png,10
Meowstic,https://raw.githubusercontent.com/msikma/pokesprite/master/icons/pokemon/regular/meowstic.png,3
Meowstic-F,https://raw.githubusercontent.com/msikma/pokesprite/master/icons/pokemon/regular/female/meowstic.png,3
Mesprit,https://raw.githubusercontent.com/msikma/pokesprite/master/icons/pokemon/regular/mesprit.png,8
Metagross,https://raw.githubusercontent.com/msikma/pokesprite/master/icons/pokemon/regular/metagross.png,13
Metang,https://raw.githubusercontent.com/msikma/pokesprite/master/icons/pokemon/regular/metang.png,3
Mew,https://raw.githubusercontent.com/msikma/pokesprite/master/icons/pokemon/regular/mew.png,20
Mienshao,https://raw.githubusercontent.com/msikma/pokesprite/master/icons/pokemon/regular/mienshao.png,13
Mightyena,https://raw.githubusercontent.com/msikma/pokesprite/master/icons/pokemon/regular/mightyena.png,2
Milotic,https://raw.githubusercontent.com/msikma/pokesprite/master/icons/pokemon/regular/milotic.png,14
Miltank,https://raw.githubusercontent.com/msikma/pokesprite/master/icons/pokemon/regular/miltank.png,8
Mimikyu,https://raw.githubusercontent.com/msikma/pokesprite/master/icons/pokemon/regular/mimikyu.png,14
Minior,https://raw.githubusercontent.com/msikma/pokesprite/master/icons/pokemon/regular/minior.png,7
Minun,https://raw.githubusercontent.com/msikma/pokesprite/master/icons/pokemon/regular/minun.png,1
Misdreavus,https://raw.githubusercontent.com/msikma/pokesprite/master/icons/pokemon/regular/misdreavus.png,2
Mismagius,https://raw.githubusercontent.com/msikma/pokesprite/master/icons/pokemon/regular/mismagius.png,7
Moltres,https://raw.githubusercontent.com/msikma/pokesprite/master/icons/pokemon/regular/moltres.png,12
Monferno,https://raw.githubusercontent.com/msikma/pokesprite/master/icons/pokemon/regular/monferno.png,2
Morpeko,https://cdn.bulbagarden.net/upload/e/e0/877MS.png,2
Mothim,https://raw.githubusercontent.com/msikma/pokesprite/master/icons/pokemon/regular/mothim.png,1
Mr. Mime,https://raw.githubusercontent.com/msikma/pokesprite/master/icons/pokemon/regular/mr-mime.png,3
Mr. Mime-G,https://cdn.bulbagarden.net/upload/7/77/122GMS.png,5
Mr. Rime,https://cdn.bulbagarden.net/upload/b/bc/866MS.png,6
Mudbray,https://raw.githubusercontent.com/msikma/pokesprite/master/icons/pokemon/regular/mudbray.png,1
Mudsdale,https://raw.githubusercontent.com/msikma/pokesprite/master/icons/pokemon/regular/mudsdale.png,7
Muk,https://raw.githubusercontent.com/msikma/pokesprite/master/icons/pokemon/regular/muk.png,5
Muk-A,https://raw.githubusercontent.com/msikma/pokesprite/master/icons/pokemon/regular/muk-alola.png,10
Munchlax,https://raw.githubusercontent.com/msikma/pokesprite/master/icons/pokemon/regular/munchlax.png,3
Murkrow,https://raw.githubusercontent.com/msikma/pokesprite/master/icons/pokemon/regular/murkrow.png,1
Musharna,https://raw.githubusercontent.com/msikma/pokesprite/master/icons/pokemon/regular/musharna.png,6
Necrozma,https://raw.githubusercontent.com/msikma/pokesprite/master/icons/pokemon/regular/necrozma.png,17
Nidoking,https://raw.githubusercontent.com/msikma/pokesprite/master/icons/pokemon/regular/nidoking.png,13
Nidoqueen,https://raw.githubusercontent.com/msikma/pokesprite/master/icons/pokemon/regular/nidoqueen.png,13
Nihilego,https://raw.githubusercontent.com/msikma/pokesprite/master/icons/pokemon/regular/nihilego.png,14
Ninetales,https://raw.githubusercontent.com/msikma/pokesprite/master/icons/pokemon/regular/ninetales.png,10
Ninetales-A,https://raw.githubusercontent.com/msikma/pokesprite/master/icons/pokemon/regular/ninetales-alola.png,12
Ninjask,https://raw.githubusercontent.com/msikma/pokesprite/master/icons/pokemon/regular/ninjask.png,3
Noctowl,https://raw.githubusercontent.com/msikma/pokesprite/master/icons/pokemon/regular/noctowl.png,1
Noivern,https://raw.githubusercontent.com/msikma/pokesprite/master/icons/pokemon/regular/noivern.png,9
Nosepass,https://raw.githubusercontent.com/msikma/pokesprite/master/icons/pokemon/regular/nosepass.png,1
Obstagoon,https://cdn.bulbagarden.net/upload/4/4e/862MS.png,13
Octillery,https://raw.githubusercontent.com/msikma/pokesprite/master/icons/pokemon/regular/octillery.png,2
Omastar,https://raw.githubusercontent.com/msikma/pokesprite/master/icons/pokemon/regular/omastar.png,6
Onix,https://raw.githubusercontent.com/msikma/pokesprite/master/icons/pokemon/regular/onix.png,2
Oranguru,https://raw.githubusercontent.com/msikma/pokesprite/master/icons/pokemon/regular/oranguru.png,4
Orbeetle,https://cdn.bulbagarden.net/upload/9/93/826MS.png,9
Oricorio,https://raw.githubusercontent.com/msikma/pokesprite/master/icons/pokemon/regular/oricorio.png,4
Pachirisu,https://raw.githubusercontent.com/msikma/pokesprite/master/icons/pokemon/regular/pachirisu.png,3
Palossand,https://raw.githubusercontent.com/msikma/pokesprite/master/icons/pokemon/regular/palossand.png,6
Palpitoad,https://raw.githubusercontent.com/msikma/pokesprite/master/icons/pokemon/regular/palpitoad.png,1
Pangoro,https://raw.githubusercontent.com/msikma/pokesprite/master/icons/pokemon/regular/pangoro.png,8
Parasect,https://raw.githubusercontent.com/msikma/pokesprite/master/icons/pokemon/regular/parasect.png,3
Passimian,https://raw.githubusercontent.com/msikma/pokesprite/master/icons/pokemon/regular/passimian.png,6
Pawniard,https://raw.githubusercontent.com/msikma/pokesprite/master/icons/pokemon/regular/pawniard.png,3
Pelipper,https://raw.githubusercontent.com/msikma/pokesprite/master/icons/pokemon/regular/pelipper.png,11
Perrserker,https://cdn.bulbagarden.net/upload/2/24/863MS.png,7
Persian,https://raw.githubusercontent.com/msikma/pokesprite/master/icons/pokemon/regular/persian.png,4
Persian-A,https://raw.githubusercontent.com/msikma/pokesprite/master/icons/pokemon/regular/persian-alola.png,6
Phione,https://raw.githubusercontent.com/msikma/pokesprite/master/icons/pokemon/regular/phione.png,4
Pidgeot,https://raw.githubusercontent.com/msikma/pokesprite/master/icons/pokemon/regular/pidgeot.png,2
Pidgeot-Mega,https://raw.githubusercontent.com/msikma/pokesprite/master/icons/pokemon/regular/pidgeot-mega.png,12
Pignite,https://raw.githubusercontent.com/msikma/pokesprite/master/icons/pokemon/regular/pignite.png,1
Pikachu,https://raw.githubusercontent.com/msikma/pokesprite/master/icons/pokemon/regular/pikachu.png,2
Piloswine,https://raw.githubusercontent.com/msikma/pokesprite/master/icons/pokemon/regular/piloswine.png,6
Pincurchin,https://cdn.bulbagarden.net/upload/6/69/871MS.png,8
Pinsir,https://raw.githubusercontent.com/msikma/pokesprite/master/icons/pokemon/regular/pinsir.png,5
Pinsir-Mega,https://raw.githubusercontent.com/msikma/pokesprite/master/icons/pokemon/regular/pinsir-mega.png,14
Plusle,https://raw.githubusercontent.com/msikma/pokesprite/master/icons/pokemon/regular/plusle.png,1
Politoed,https://raw.githubusercontent.com/msikma/pokesprite/master/icons/pokemon/regular/politoed.png,9
Poliwag,https://raw.githubusercontent.com/msikma/pokesprite/master/icons/pokemon/regular/poliwag.png,1
Poliwrath,https://raw.githubusercontent.com/msikma/pokesprite/master/icons/pokemon/regular/poliwrath.png,7
Polteageist,https://cdn.bulbagarden.net/upload/0/06/855MS.png,10
Porygon2,https://raw.githubusercontent.com/msikma/pokesprite/master/icons/pokemon/regular/porygon2.png,10
Porygon-Z,https://raw.githubusercontent.com/msikma/pokesprite/master/icons/pokemon/regular/porygon-z.png,13
Primarina,https://raw.githubusercontent.com/msikma/pokesprite/master/icons/pokemon/regular/primarina.png,11
Primeape,https://raw.githubusercontent.com/msikma/pokesprite/master/icons/pokemon/regular/primeape.png,7
Prinplup,https://raw.githubusercontent.com/msikma/pokesprite/master/icons/pokemon/regular/prinplup.png,4
Probopass,https://raw.githubusercontent.com/msikma/pokesprite/master/icons/pokemon/regular/probopass.png,3
Pupitar,https://raw.githubusercontent.com/msikma/pokesprite/master/icons/pokemon/regular/pupitar.png,1
Purugly,https://raw.githubusercontent.com/msikma/pokesprite/master/icons/pokemon/regular/purugly.png,2
Pyroar,https://raw.githubusercontent.com/msikma/pokesprite/master/icons/pokemon/regular/pyroar.png,6
Pyukumuku,https://raw.githubusercontent.com/msikma/pokesprite/master/icons/pokemon/regular/pyukumuku.png,7
Quagsire,https://raw.githubusercontent.com/msikma/pokesprite/master/icons/pokemon/regular/quagsire.png,9
Quilava,https://raw.githubusercontent.com/msikma/pokesprite/master/icons/pokemon/regular/quilava.png,1
Quilladin,https://raw.githubusercontent.com/msikma/pokesprite/master/icons/pokemon/regular/quilladin.png,2
Qwilfish,https://raw.githubusercontent.com/msikma/pokesprite/master/icons/pokemon/regular/qwilfish.png,6
Raichu,https://raw.githubusercontent.com/msikma/pokesprite/master/icons/pokemon/regular/raichu.png,8
Raichu-A,https://raw.githubusercontent.com/msikma/pokesprite/master/icons/pokemon/regular/raichu-alola.png,9
Raikou,https://raw.githubusercontent.com/msikma/pokesprite/master/icons/pokemon/regular/raikou.png,13
Rampardos,https://raw.githubusercontent.com/msikma/pokesprite/master/icons/pokemon/regular/rampardos.png,6
Rapidash,https://raw.githubusercontent.com/msikma/pokesprite/master/icons/pokemon/regular/rapidash.png,6
Rapidash-G,https://cdn.bulbagarden.net/upload/a/a8/078GMS.png,9
Raticate,https://raw.githubusercontent.com/msikma/pokesprite/master/icons/pokemon/regular/raticate.png,1
Raticate-A,https://raw.githubusercontent.com/msikma/pokesprite/master/icons/pokemon/regular/raticate-alola.png,2
Regice,https://raw.githubusercontent.com/msikma/pokesprite/master/icons/pokemon/regular/regice.png,6
Regigigas,https://raw.githubusercontent.com/msikma/pokesprite/master/icons/pokemon/regular/regigigas.png,3
Regirock,https://raw.githubusercontent.com/msikma/pokesprite/master/icons/pokemon/regular/regirock.png,7
Registeel,https://raw.githubusercontent.com/msikma/pokesprite/master/icons/pokemon/regular/registeel.png,11
Relicanth,https://raw.githubusercontent.com/msikma/pokesprite/master/icons/pokemon/regular/relicanth.png,6
Reuniclus,https://raw.githubusercontent.com/msikma/pokesprite/master/icons/pokemon/regular/reuniclus.png,14
Rhydon,https://raw.githubusercontent.com/msikma/pokesprite/master/icons/pokemon/regular/rhydon.png,7
Rhyhorn,https://raw.githubusercontent.com/msikma/pokesprite/master/icons/pokemon/regular/rhyhorn.png,2
Rhyperior,https://raw.githubusercontent.com/msikma/pokesprite/master/icons/pokemon/regular/rhyperior.png,9
Ribombee,https://raw.githubusercontent.com/msikma/pokesprite/master/icons/pokemon/regular/ribombee.png,9
Rillaboom,https://cdn.bulbagarden.net/upload/a/a3/812MS.png,8
Roselia,https://raw.githubusercontent.com/msikma/pokesprite/master/icons/pokemon/regular/roselia.png,5
Roserade,https://raw.githubusercontent.com/msikma/pokesprite/master/icons/pokemon/regular/roserade.png,10
Rotom,https://raw.githubusercontent.com/msikma/pokesprite/master/icons/pokemon/regular/rotom.png,9
Rotom-Fan,https://raw.githubusercontent.com/msikma/pokesprite/master/icons/pokemon/regular/rotom-fan.png,7
Rotom-Frost,https://raw.githubusercontent.com/msikma/pokesprite/master/icons/pokemon/regular/rotom-frost.png,5
Rotom-Heat,https://raw.githubusercontent.com/msikma/pokesprite/master/icons/pokemon/regular/rotom-heat.png,14
Rotom-Mow,https://raw.githubusercontent.com/msikma/pokesprite/master/icons/pokemon/regular/rotom-mow.png,12
Rotom-Wash,https://raw.githubusercontent.com/msikma/pokesprite/master/icons/pokemon/regular/rotom-wash.png,16
Runerigus,https://cdn.bulbagarden.net/upload/2/28/867MS.png,7
Sableye,https://raw.githubusercontent.com/msikma/pokesprite/master/icons/pokemon/regular/sableye.png,6
Sableye-Mega,https://raw.githubusercontent.com/msikma/pokesprite/master/icons/pokemon/regular/sableye-mega.png,13
Salamence,https://raw.githubusercontent.com/msikma/pokesprite/master/icons/pokemon/regular/salamence.png,16
Salazzle,https://raw.githubusercontent.com/msikma/pokesprite/master/icons/pokemon/regular/salazzle.png,11
Samurott,https://raw.githubusercontent.com/msikma/pokesprite/master/icons/pokemon/regular/samurott.png,2
Sandaconda,https://cdn.bulbagarden.net/upload/3/3f/844MS.png,10
Sandslash,https://raw.githubusercontent.com/msikma/pokesprite/master/icons/pokemon/regular/sandslash.png,4
Sandslash-A,https://raw.githubusercontent.com/msikma/pokesprite/master/icons/pokemon/regular/sandslash-alola.png,6
Sawk,https://raw.githubusercontent.com/msikma/pokesprite/master/icons/pokemon/regular/sawk.png,8
Sawsbuck,https://raw.githubusercontent.com/msikma/pokesprite/master/icons/pokemon/regular/sawsbuck.png,4
Sceptile,https://raw.githubusercontent.com/msikma/pokesprite/master/icons/pokemon/regular/sceptile.png,7
Sceptile-Mega,https://raw.githubusercontent.com/msikma/pokesprite/master/icons/pokemon/regular/sceptile-mega.png,10
Scizor,https://raw.githubusercontent.com/msikma/pokesprite/master/icons/pokemon/regular/scizor.png,14
Scizor-Mega,https://raw.githubusercontent.com/msikma/pokesprite/master/icons/pokemon/regular/scizor-mega.png,20
Scolipede,https://raw.githubusercontent.com/msikma/pokesprite/master/icons/pokemon/regular/scolipede.png,14
Scrafty,https://raw.githubusercontent.com/msikma/pokesprite/master/icons/pokemon/regular/scrafty.png,9
Scyther,https://raw.githubusercontent.com/msikma/pokesprite/master/icons/pokemon/regular/scyther.png,4
Seadra,https://raw.githubusercontent.com/msikma/pokesprite/master/icons/pokemon/regular/seadra.png,2
Seaking,https://raw.githubusercontent.com/msikma/pokesprite/master/icons/pokemon/regular/seaking.png,1
Sealeo,https://raw.githubusercontent.com/msikma/pokesprite/master/icons/pokemon/regular/sealeo.png,1
Seismitoad,https://raw.githubusercontent.com/msikma/pokesprite/master/icons/pokemon/regular/seismitoad.png,12
Serperior,https://raw.githubusercontent.com/msikma/pokesprite/master/icons/pokemon/regular/serperior.png,14
Servine,https://raw.githubusercontent.com/msikma/pokesprite/master/icons/pokemon/regular/servine.png,1
Seviper,https://raw.githubusercontent.com/msikma/pokesprite/master/icons/pokemon/regular/seviper.png,1
Sewaddle,https://raw.githubusercontent.com/msikma/pokesprite/master/icons/pokemon/regular/sewaddle.png,1
Sharpedo,https://raw.githubusercontent.com/msikma/pokesprite/master/icons/pokemon/regular/sharpedo.png,11
Sharpedo-Mega,https://raw.githubusercontent.com/msikma/pokesprite/master/icons/pokemon/regular/sharpedo-mega.png,14
Shaymin,https://raw.githubusercontent.com/msikma/pokesprite/master/icons/pokemon/regular/shaymin.png,11
Shedinja,https://raw.githubusercontent.com/msikma/pokesprite/master/icons/pokemon/regular/shedinja.png,3
Shelgon,https://raw.githubusercontent.com/msikma/pokesprite/master/icons/pokemon/regular/shelgon.png,2
Shelmet,https://raw.githubusercontent.com/msikma/pokesprite/master/icons/pokemon/regular/shelmet.png,2
Shiftry,https://raw.githubusercontent.com/msikma/pokesprite/master/icons/pokemon/regular/shiftry.png,7
Shuckle,https://raw.githubusercontent.com/msikma/pokesprite/master/icons/pokemon/regular/shuckle.png,7
Sigilyph,https://raw.githubusercontent.com/msikma/pokesprite/master/icons/pokemon/regular/sigilyph.png,6
Silvally,https://raw.githubusercontent.com/msikma/pokesprite/master/icons/pokemon/regular/silvally.png,13
Simipour,https://raw.githubusercontent.com/msikma/pokesprite/master/icons/pokemon/regular/simipour.png,4
Simisage,https://raw.githubusercontent.com/msikma/pokesprite/master/icons/pokemon/regular/simisage.png,4
Simisear,https://raw.githubusercontent.com/msikma/pokesprite/master/icons/pokemon/regular/simisear.png,4
Sirfetch'd,https://cdn.bulbagarden.net/upload/4/4f/865MS.png,9
Skarmory,https://raw.githubusercontent.com/msikma/pokesprite/master/icons/pokemon/regular/skarmory.png,15
Skuntank,https://raw.githubusercontent.com/msikma/pokesprite/master/icons/pokemon/regular/skuntank.png,5
Slaking,https://raw.githubusercontent.com/msikma/pokesprite/master/icons/pokemon/regular/slaking.png,3
Sliggoo,https://raw.githubusercontent.com/msikma/pokesprite/master/icons/pokemon/regular/sliggoo.png,4
Slowbro,https://raw.githubusercontent.com/msikma/pokesprite/master/icons/pokemon/regular/slowbro.png,13
Slowbro-Mega,https://raw.githubusercontent.com/msikma/pokesprite/master/icons/pokemon/regular/slowbro-mega.png,14
Slowking,https://raw.githubusercontent.com/msikma/pokesprite/master/icons/pokemon/regular/slowking.png,10
Slurpuff,https://raw.githubusercontent.com/msikma/pokesprite/master/icons/pokemon/regular/slurpuff.png,10
Smeargle,https://raw.githubusercontent.com/msikma/pokesprite/master/icons/pokemon/regular/smeargle.png,7
Sneasel,https://raw.githubusercontent.com/msikma/pokesprite/master/icons/pokemon/regular/sneasel.png,9
Snorlax,https://raw.githubusercontent.com/msikma/pokesprite/master/icons/pokemon/regular/snorlax.png,12
Solrock,https://raw.githubusercontent.com/msikma/pokesprite/master/icons/pokemon/regular/solrock.png,1
Spiritomb,https://raw.githubusercontent.com/msikma/pokesprite/master/icons/pokemon/regular/spiritomb.png,8
Stakataka,https://raw.githubusercontent.com/msikma/pokesprite/master/icons/pokemon/regular/stakataka.png,11
Stantler,https://raw.githubusercontent.com/msikma/pokesprite/master/icons/pokemon/regular/stantler.png,3
Staraptor,https://raw.githubusercontent.com/msikma/pokesprite/master/icons/pokemon/regular/staraptor.png,13
Staravia,https://raw.githubusercontent.com/msikma/pokesprite/master/icons/pokemon/regular/staravia.png,2
Starmie,https://raw.githubusercontent.com/msikma/pokesprite/master/icons/pokemon/regular/starmie.png,15
Steelix,https://raw.githubusercontent.com/msikma/pokesprite/master/icons/pokemon/regular/steelix.png,8
Steelix-Mega,https://raw.githubusercontent.com/msikma/pokesprite/master/icons/pokemon/regular/steelix-mega.png,10
Stonjourner,https://cdn.bulbagarden.net/upload/3/3b/874MS.png,5
Stoutland,https://raw.githubusercontent.com/msikma/pokesprite/master/icons/pokemon/regular/stoutland.png,6
Stunfisk,https://raw.githubusercontent.com/msikma/pokesprite/master/icons/pokemon/regular/stunfisk.png,6
Stunfisk-G,https://cdn.bulbagarden.net/upload/2/2a/618GMS.png,4
Sudowoodo,https://raw.githubusercontent.com/msikma/pokesprite/master/icons/pokemon/regular/sudowoodo.png,5
Suicune,https://raw.githubusercontent.com/msikma/pokesprite/master/icons/pokemon/regular/suicune.png,14
Sunflora,https://raw.githubusercontent.com/msikma/pokesprite/master/icons/pokemon/regular/sunflora.png,1
Swadloon,https://raw.githubusercontent.com/msikma/pokesprite/master/icons/pokemon/regular/swadloon.png,1
Swampert,https://raw.githubusercontent.com/msikma/pokesprite/master/icons/pokemon/regular/swampert.png,9
Swampert-Mega,https://raw.githubusercontent.com/msikma/pokesprite/master/icons/pokemon/regular/swampert-mega.png,13
Swellow,https://raw.githubusercontent.com/msikma/pokesprite/master/icons/pokemon/regular/swellow.png,9
Swoobat,https://raw.githubusercontent.com/msikma/pokesprite/master/icons/pokemon/regular/swoobat.png,6
Sylveon,https://raw.githubusercontent.com/msikma/pokesprite/master/icons/pokemon/regular/sylveon.png,13
Talonflame,https://raw.githubusercontent.com/msikma/pokesprite/master/icons/pokemon/regular/talonflame.png,9
Tangela,https://raw.githubusercontent.com/msikma/pokesprite/master/icons/pokemon/regular/tangela.png,4
Tangrowth,https://raw.githubusercontent.com/msikma/pokesprite/master/icons/pokemon/regular/tangrowth.png,13
Tapu Bulu,https://raw.githubusercontent.com/msikma/pokesprite/master/icons/pokemon/regular/tapu-bulu.png,15
Tapu Fini,https://raw.githubusercontent.com/msikma/pokesprite/master/icons/pokemon/regular/tapu-fini.png,15
Tapu Koko,https://raw.githubusercontent.com/msikma/pokesprite/master/icons/pokemon/regular/tapu-koko.png,17
Tapu Lele,https://raw.githubusercontent.com/msikma/pokesprite/master/icons/pokemon/regular/tapu-lele.png,19
Tauros,https://raw.githubusercontent.com/msikma/pokesprite/master/icons/pokemon/regular/tauros.png,5
Tentacruel,https://raw.githubusercontent.com/msikma/pokesprite/master/icons/pokemon/regular/tentacruel.png,11
Terrakion,https://raw.githubusercontent.com/msikma/pokesprite/master/icons/pokemon/regular/terrakion.png,16
Throh,https://raw.githubusercontent.com/msikma/pokesprite/master/icons/pokemon/regular/throh.png,6
Thundurus-I,https://raw.githubusercontent.com/msikma/pokesprite/master/icons/pokemon/regular/thundurus.png,16
Thundurus-T,https://raw.githubusercontent.com/msikma/pokesprite/master/icons/pokemon/regular/thundurus-therian.png,14
Togedemaru,https://raw.githubusercontent.com/msikma/pokesprite/master/icons/pokemon/regular/togedemaru.png,4
Togekiss,https://raw.githubusercontent.com/msikma/pokesprite/master/icons/pokemon/regular/togekiss.png,14
Togetic,https://raw.githubusercontent.com/msikma/pokesprite/master/icons/pokemon/regular/togetic.png,3
Torkoal,https://raw.githubusercontent.com/msikma/pokesprite/master/icons/pokemon/regular/torkoal.png,8
Tornadus-I,https://raw.githubusercontent.com/msikma/pokesprite/master/icons/pokemon/regular/tornadus.png,9
Tornadus-T,https://raw.githubusercontent.com/msikma/pokesprite/master/icons/pokemon/regular/tornadus-therian.png,17
Torterra,https://raw.githubusercontent.com/msikma/pokesprite/master/icons/pokemon/regular/torterra.png,5
Toucannon,https://raw.githubusercontent.com/msikma/pokesprite/master/icons/pokemon/regular/toucannon.png,4
Toxapex,https://raw.githubusercontent.com/msikma/pokesprite/master/icons/pokemon/regular/toxapex.png,16
Toxicroak,https://raw.githubusercontent.com/msikma/pokesprite/master/icons/pokemon/regular/toxicroak.png,10
Toxtricity,https://cdn.bulbagarden.net/upload/4/42/849MS.png,13
Trapinch,https://raw.githubusercontent.com/msikma/pokesprite/master/icons/pokemon/regular/trapinch.png,1
Trevenant,https://raw.githubusercontent.com/msikma/pokesprite/master/icons/pokemon/regular/trevenant.png,7
Tropius,https://raw.githubusercontent.com/msikma/pokesprite/master/icons/pokemon/regular/tropius.png,2
Tsareena,https://raw.githubusercontent.com/msikma/pokesprite/master/icons/pokemon/regular/tsareena.png,9
Turtonator,https://raw.githubusercontent.com/msikma/pokesprite/master/icons/pokemon/regular/turtonator.png,4
Type: Null,https://raw.githubusercontent.com/msikma/pokesprite/master/icons/pokemon/regular/type-null.png,4
Typhlosion,https://raw.githubusercontent.com/msikma/pokesprite/master/icons/pokemon/regular/typhlosion.png,5
Tyranitar,https://raw.githubusercontent.com/msikma/pokesprite/master/icons/pokemon/regular/tyranitar.png,15
Tyranitar-Mega,https://raw.githubusercontent.com/msikma/pokesprite/master/icons/pokemon/regular/tyranitar-mega.png,15
Tyrantrum,https://raw.githubusercontent.com/msikma/pokesprite/master/icons/pokemon/regular/tyrantrum.png,9
Umbreon,https://raw.githubusercontent.com/msikma/pokesprite/master/icons/pokemon/regular/umbreon.png,10
Unfezant,https://raw.githubusercontent.com/msikma/pokesprite/master/icons/pokemon/regular/unfezant.png,5
Ursaring,https://raw.githubusercontent.com/msikma/pokesprite/master/icons/pokemon/regular/ursaring.png,5
Uxie,https://raw.githubusercontent.com/msikma/pokesprite/master/icons/pokemon/regular/uxie.png,10
Vanilluxe,https://raw.githubusercontent.com/msikma/pokesprite/master/icons/pokemon/regular/vanilluxe.png,8
Vaporeon,https://raw.githubusercontent.com/msikma/pokesprite/master/icons/pokemon/regular/vaporeon.png,10
Venomoth,https://raw.githubusercontent.com/msikma/pokesprite/master/icons/pokemon/regular/venomoth.png,9
Venusaur,https://raw.githubusercontent.com/msikma/pokesprite/master/icons/pokemon/regular/venusaur.png,10
Venusaur-Mega,https://raw.githubusercontent.com/msikma/pokesprite/master/icons/pokemon/regular/venusaur-mega.png,16
Victini,https://raw.githubusercontent.com/msikma/pokesprite/master/icons/pokemon/regular/victini.png,15
Victreebel,https://raw.githubusercontent.com/msikma/pokesprite/master/icons/pokemon/regular/victreebel.png,8
Vigoroth,https://raw.githubusercontent.com/msikma/pokesprite/master/icons/pokemon/regular/vigoroth.png,1
Vikavolt,https://raw.githubusercontent.com/msikma/pokesprite/master/icons/pokemon/regular/vikavolt.png,9
Vileplume,https://raw.githubusercontent.com/msikma/pokesprite/master/icons/pokemon/regular/vileplume.png,6
Virizion,https://raw.githubusercontent.com/msikma/pokesprite/master/icons/pokemon/regular/virizion.png,10
Vivillon,https://raw.githubusercontent.com/msikma/pokesprite/master/icons/pokemon/regular/vivillon.png,1
Volbeat,https://raw.githubusercontent.com/msikma/pokesprite/master/icons/pokemon/regular/volbeat.png,2
Volcanion,https://raw.githubusercontent.com/msikma/pokesprite/master/icons/pokemon/regular/volcanion.png,12
Volcarona,https://raw.githubusercontent.com/msikma/pokesprite/master/icons/pokemon/regular/volcarona.png,16
Vullaby,https://raw.githubusercontent.com/msikma/pokesprite/master/icons/pokemon/regular/vullaby.png,3
Wailord,https://raw.githubusercontent.com/msikma/pokesprite/master/icons/pokemon/regular/wailord.png,1
Walrein,https://raw.githubusercontent.com/msikma/pokesprite/master/icons/pokemon/regular/walrein.png,1
Wartortle,https://raw.githubusercontent.com/msikma/pokesprite/master/icons/pokemon/regular/wartortle.png,2
Watchog,https://raw.githubusercontent.com/msikma/pokesprite/master/icons/pokemon/regular/watchog.png,1
Weavile,https://raw.githubusercontent.com/msikma/pokesprite/master/icons/pokemon/regular/weavile.png,15
Weezing,https://raw.githubusercontent.com/msikma/pokesprite/master/icons/pokemon/regular/weezing.png,7
Weezing-G,https://cdn.bulbagarden.net/upload/8/8a/110GMS.png,9
Whimsicott,https://raw.githubusercontent.com/msikma/pokesprite/master/icons/pokemon/regular/whimsicott.png,10
Whirlipede,https://raw.githubusercontent.com/msikma/pokesprite/master/icons/pokemon/regular/whirlipede.png,1
Whiscash,https://raw.githubusercontent.com/msikma/pokesprite/master/icons/pokemon/regular/whiscash.png,3
Wigglytuff,https://raw.githubusercontent.com/msikma/pokesprite/master/icons/pokemon/regular/wigglytuff.png,2
Wishiwashi,https://raw.githubusercontent.com/msikma/pokesprite/master/icons/pokemon/regular/wishiwashi-school.png,5
Wobbuffet,https://raw.githubusercontent.com/msikma/pokesprite/master/icons/pokemon/regular/wobbuffet.png,7
Wormadam,https://raw.githubusercontent.com/msikma/pokesprite/master/icons/pokemon/regular/wormadam.png,1
Xatu,https://raw.githubusercontent.com/msikma/pokesprite/master/icons/pokemon/regular/xatu.png,7
Xurkitree,https://raw.githubusercontent.com/msikma/pokesprite/master/icons/pokemon/regular/xurkitree.png,14
Yanmega,https://raw.githubusercontent.com/msikma/pokesprite/master/icons/pokemon/regular/yanmega.png,11
Zangoose,https://raw.githubusercontent.com/msikma/pokesprite/master/icons/pokemon/regular/zangoose.png,7
Zapdos,https://raw.githubusercontent.com/msikma/pokesprite/master/icons/pokemon/regular/zapdos.png,16
Zebstrika,https://raw.githubusercontent.com/msikma/pokesprite/master/icons/pokemon/regular/zebstrika.png,4
Zeraora,https://raw.githubusercontent.com/msikma/pokesprite/master/icons/pokemon/regular/zeraora.png,17
Zoroark,https://raw.githubusercontent.com/msikma/pokesprite/master/icons/pokemon/regular/zoroark.png,9
Zweilous,https://raw.githubusercontent.com/msikma/pokesprite/master/icons/pokemon/regular/zweilous.png,1
Zygarde 50%,https://raw.githubusercontent.com/msikma/pokesprite/master/icons/pokemon/regular/zygarde.png,19
Zygarde 10%,https://raw.githubusercontent.com/msikma/pokesprite/master/icons/pokemon/regular/zygarde-10.png,12
